Capital City,State,ZIP
Montgomery,Alabama,36104
Juneau,Alaska,99801
Phoenix,Arizona,85001
Little Rock,Arkansas,72201
Sacramento,California,95814
Denver,Colorado,80202
Hartford,Connecticut,06103
Dover,Delaware,19901
Tallahassee,Florida,32301
Atlanta,Georgia,30303
Honolulu,Hawaii,96813
Boise,Idaho,83702
Springfield,Illinois,62701
Indianapolis,Indiana,46225
Des Moines,Iowa,50309
Topeka,Kansas,66603
Frankfort,Kentucky,40601
Baton Rouge,Louisiana,70802
Augusta,Maine,04330
Annapolis,Maryland,21401
Boston,Massachusetts,02201
Lansing,Michigan,48933
St. Paul,Minnesota,55102
Jackson,Mississippi,39205
Jefferson City,Missouri,65101
Helena,Montana,59623
Lincoln,Nebraska,68502
Carson City,Nevada,89701
Concord,New Hampshire,03301
Trenton,New Jersey,08608
Santa Fe,New Mexico,87501
Albany,New York,12207
Raleigh,North Carolina,27601
Bismarck,North Dakota,58501
Columbus,Ohio,43215
Oklahoma City,Oklahoma,73102
Salem,Oregon,97301
"Harrisburg,",Pennsylvania,17101
Providence,Rhode Island,02903
Columbia,South Carolina,29217
Pierre,South Dakota,57501
Nashville,Tennessee,37219
Austin,Texas,78701
Salt Lake City,Utah,84111
Montpelier,Vermont,05602
Richmond,Virginia,23219
Olympia,Washington,98507
Charleston,West Virginia,25301
Madison,Wisconsin,53703
Cheyenne,Wyoming,82001
,,
,,
,,
,,
,,
,,
,,
,,
,,